Gene,Species,Score,Sequence
pyruvate kinase,man,100,">gi|189996|gb|AAA60104.1| pyruvate kinase [Homo sapiens]
MEGPAGYLRRASVAQLTQELGTAFFQQQQLPAAMADTFLEHLCLLDIDSEPVAARSTSIIATIGPASRSV
ERLKEMIKAGMNIARLNFSHGSHEYHAETIANVREAVESFAGSPLSYRPVAIALDTKGPEIRTGILQGGP
ESEVELVKGSQVLVTVDPAFRTRGNANTVWVDYPNIVRVVPVGGRIYIDDGLISLVVQKISPEGLVTQVE
NGGVLGSRKGVNLPGAQVDLPGLSEQDVRDLRFGVEHGVDIVFASFVRKASDVAAVRAALGPEGHGIKII
SKIENHEGVKRFDEILEVSDGIMVARGDLGIEIPAEKVFLAQKMMIGRCNLAGKPVVCATQMLESMITKP
RPTRAETSDVANAVLDGADCIMLSGETAKGNFPVEAVKMQHRIAREAEAAVYHRQLFEELRRAAPLSRDP
TEVTAIGAVEAAFKCCAAAIIVLTTTGRSAQLLSRYRPRAAVIAVTRSAQAARQVHLCRGVFPLLYREPP
EAIWADDVDRRVQFGIESGKLRGFLRVGDLVIVVTGWRPGSGYTNIMRVLSIS",,
pyruvate kinase,monkey,68.74,">gi|343961715|dbj|BAK62447.1| pyruvate kinase isozymes M1/M2 [Pan troglodytes]
MSKPHSEAGTAFIQTQQLHAAMADTFLEHMCRLDIDSPPITARNTGIICTIGPASRSVETLKEMIKSGMN
VARLNFSHGTHEYHAETIKNVRTATESFASDPILYRPVAVALDTKGPEIRTGLIKGSGTAEVELKKGATL
KITLDNAYMEKCDENILWLDYKNICKVVEVGSKIYVDDGLISLQVKQKGADFLVTEVENGGSLGSKKGVN
LPGAAVDLPAVSEKDIQDLKFGVEQDVGMVFASFIRKASDVHEVRKVLGEKGKNIKIISKIENHEGVRRF
DEILEASDGIMVARGDLGIEIPAEKVFLAQKMMIGRCNRAGKPVICATQMLESMIKKPRPTRAEGSDVAN
AVLDGADCIMLSGETAKGDYPLEAVRMQHLIAREAEAAMFHRKLFEELVRASSHSTDLMEAMAMGSVEAS
YKCLAAALIVLTESGRSAHQVARYRPRAPIIAVTRNPQTARQAHLYRGIFPVLCKDPVQEAWAEDVDLRV
NFAMNVGKARGFFKKGDVVIVLTGWRPGSGFTNTMRVVPVP"
pyruvate kinase,cat,69.3,">gi|410992263|gb|AFV95288.1| pyruvate kinase isozyme R [Felis catus]
MSRQENVPPQDVWSRISNSLRDFINTVLIGAPGGPAGYLRRVSGAQLAHELGTAFFERQQLSAAMADTFL
EHLCLLDIDSEPVAARSTCIIATIGPASQSVERLKEMIKAGMNIARLNFSHGSHEYHAQSIANIREAVQS
FATSPLSYRPVAIALDTKGPEIRTGVLRGGPETDVELVKGSRVLVTVDPAFRTRGDANTVWVDYPNIVKV
VSVGSRIYIDDGLISLQVQKIGPEGLETHVENGGVLGSRKGVNLPGTQVDLPGLSEQDARDLRFGVEHEV
DIVFASFVRKASDVAAIREVLGPEGRNIKIISKIENHEGVKRFDEILEVSDGIMVARGDLGIEIPPEKVF
LAQKMMIGRCNLAGKPVVCATQMLESMIAKPRPTRAETSDVANAVLDGADCIMLSGETAKGKFPVEAVKM
QHAIAREAEAAIYHRQLFEELRRVAPLSRDPTEVTAIGAVEASFKCCAAAIVVLSKSGRSAQLLSRYRPR
AMVIAVTRSAQAARQAHLFRGVFPVLYSKPPEAIWADDVDHRVQFGIESGKLHGFLRVGDLVIVVTGWRP
GSGYTNIMRVLSVS"
pyruvate kinase,dog,68.93,">gi|372208458|ref|NP_001243191.1| pyruvate kinase PKLR isoform 1 [Canis lupus familiaris]
MSSQENIQPQELWSRISKSQRDLAKSILIGAPGGPAGYLRRASVAQLTLELGTAFFQQQQLSAAMADTFL
EHLCLLDIDSEPVAARSTSIIATIGPASHSVERLKEMIKAGMNIARLNFSHGSHEYHAQSIANIREAVES
FATSPLGYRPVAIALDTKGPEIRTGVLKGGPETEVELVKGSWVLVTVDPAFRTLGDAHTVWVDYPNIVKV
VPVGGRIFIDDGLISLQVKKIDRKGLETQVENGGLLGSRKGVNLPGAEVDLPGLSEQDAQDLRFGVEHNV
DIVFASFVRKASDVAAIRAALGPEGRTIKIISKIENHEGVKKFDEILEVSDGIMVARGDLGIEIPAEKVF
LAQKMMIGRCNLAGKPVVCATQMLESMITKPRPTRAETSDVANAVLDGADCIMLSGETAKGKFPVEAVKM
QHAIAREAEAAVYHRQLFEELRRAAPLSRDPTEVTAIGAVEAAFKCCAAAIIVLTKTGRSAQLLSRYRPR
AAVIAVTRSAQAARQAHLCRGVFPLLYSEPPEAIWADDVDRRVQFGIESGKLRGFLRVGDLVIVVTGWRP
GSGYTNIMRVLSIS"
enolase,man,100,">gi|182116|gb|AAB59554.1| enolase [Homo sapiens]
MSIEKIWAREILDSRGNPTVEVDLYTAKGLFRAAVPSGASTGIYEALELRDGDKQRYLGKGVLKAVDHIN
STIAPALISSGLSVVEQEKLDNLMLELDGTENKSKFGANAILGVSLAVCKAGAAERELPLYRHIAQLAGN
SDLILPVPAFNVINGGSHAGNKLAMQEFMILPVGAESFRDAMRLGAEVYHTLKGVIKDKYGKDATNVGDE
GGFAPNILENSEALELVKEAIDKAGYTEKIVIGMDVAASEFYRDGKYDLDFKSPTDPSRYITGDQLGALY
QDFVRDYPVVSIEDPFDQDDWAAWSKFTANVGIQIVGDDLTVTNPKRIERAVEEKACNCLLLKVNQIGSV
TEAIQACKLAQENGWGVMVSHRSGETEDTFIADLVVGLCTGQIKTGAPCRSERLAKYNQLMRIEEELGDE
ARFAGHNFRNPSVL"
enolase,monkey,91.6,">gi|410331147|gb|JAA34520.1| enolase superfamily member 1 [Pan troglodytes]
MVRGRISRLSVRDVRFPTSLGGHGSDAMHTDPDYSAAYVVIETDAEDGIKGCGITFTLGKGTEVVVCAVN
ALAHHVLNKDLKDIVGDFRGFYRQLTSDGQLRWIGPEKGVVHLATAAVLNAVWDLWAKQEGKPVWKLLVD
MDPRTLVSCIDFRYITDVLTEEDALEILQKGQVGKKEREKQMLAQGYPAYTTSCAWLGYSDDTLKQLCAQ
ALKDGWTRFKVKVGTDLQDDMRRCQIIRDMIGPEKTLMMDANQRWDVPEAVEWMSKLAKFKPLWIEEPTS
PDDILGHATISKALVPLGIGIATGEQCHNRVIFKQLLQAKALQFLQIDSCRLGSVNENLSVLLMAKKFEI
PVCPHAGGVGLCELVQHLIIFDYISVSASLENRVCEYVDHLHEHFKYPVMIQRASYMPPKDPGYSTEMKE
ESVKKHQYPDGEVWKKLLPAQEN"
enolase,cat,20.16,">gi|586994136|ref|XP_006934317.1| PREDICTED: alpha-enolase isoform X2 [Felis catus]
MSILKVHAREIFDSRGNPTVEVDLYTSKGLFRAAVPSGASTGIYEALELRDNDKTRYMGKGVSRPVKYIN
EFLAPALCTQKLSVVEQEKIDKLMIEMDGTENKSKFGANAILGVSLAVCKAGAVEKGVPLYRHIADLAGN
AEVILPVPAFNVINGGSHAGNKLAMQEFMILPVGAANFREAMRIGAEVYHNLKNVIKEKYGKDATNVGDE
GGFAPNILENKEALELLKNAIGKAGYTDKVVIGMDVAASEFFRSGKYDLDFKSPDDPSRYITPDELANLY
KSFIRDYPVVSIEDPFDQDDWEAWQKFTASAGIQVVGDDLTVTNPKRISKAVNERSCNCLLLKVNQIGSV
TESLQACKLAQSNGWGVMVSHRSGETEDTFIADLVVGLCTGQIKTGAPCRSERLAKYNQILRIEEELGSK
AKFAGRSFRNPLAK"
enolase,dog,20.93,">gi|73961860|ref|XP_848625.1| PREDICTED: mitochondrial enolase superfamily member 1 isoform 3 [Canis lupus familiaris]
MVRGRICSLLVRDVRFPTSLGGHGSDAMHTDPDYSAAYVVLETDAEDGLKGYGITFTLGKGTEVVVCAVN
ALAHHVLNKDLSDIVGDFRGFYRQLTSDGQLRWIGPEKGVVHLATAAILNAVWDLWAKQEGKPLWKLLVD
MDPRTLLSCIDFRYITDVLTEEEAYEILQKGQVGKKEREGQMLMHGYPAYTTSCAWLGYSDDTLKQLCTE
ALKAGWTRFKVKVGADLQDDVRRCRLIRNMIGPEKTLMMDANQRWDVPEAVKWMSKLAEFKPLWIEEPTS
PDDILGHATISKALAPLGIGVATGEQCHNRVIFKQLLQAKALQFLQIDSCRLGSVNENLSVLLMAKKFEI
PVCPHAGGVGLCELVQHLIIFDFISISASLQNRMCEYVDHLHEHFRYPVIIKKASYMPPKDAGYSTEMKE
ESVKKHQYPDGEVWKKLLAAQEN"
